mode,validators,operations,batch_size,contention,latency_ms_p50,latency_ms_p95,wall_time_s,throughput_ops_s,conflicts,messages,capsule_bytes,witness_receipt_bytes,closure_proof_bytes,closure_wire_bytes,closure_wrapper_bytes,state_seal_bytes,gossip_overhead_bytes,event_log_bytes,availability_bytes,bundle_bytes,protocol_bytes,protocol_bytes_per_successful_operation,event_log_verified
disjoint,4,1000,1,disjoint,3.556401,3.624167,3.8721648149657995,258.2534700318102,0,7000,514890,1304000,317000,1621000,317000,199780,28000,707558,0,0,3071228,3071.228,True
contended,4,1000,1,same-resource,3.554843,3.696161,3.884070291998796,257.46186984823754,0,7000,515890,1304000,317000,1621000,317000,200783,28000,705677,0,0,3071350,3071.35,True
batched,4,1000,1,disjoint-batched,8.2929125,15.158741,11.521376816090196,86.79518220456504,0,6000,511890,1304000,317000,1621000,317000,196780,4000,573558,0,188890,3096118,3096.118,True
batched,4,1000,10,disjoint-batched,8.26102645,15.659537,11.612306058988906,86.1155394045023,0,6000,511890,1304000,317000,1621000,317000,196780,4000,117812,0,79289,2530771,2530.771,True
batched,4,1000,100,disjoint-batched,8.276238849999999,15.060189600000001,11.423501296085306,87.538835430665,0,6000,511890,1304000,317000,1621000,317000,196780,4000,72050,0,68238,2473958,2473.958,True
scaling,4,120,1,disjoint,3.5531135000000003,3.600311,0.46240423002745956,259.5131969118749,0,840,61570,156480,38040,194520,38040,23660,3360,84760,0,0,367870,3065.5833333333335,True
scaling,7,120,1,disjoint,6.0181305,6.119313,0.761695469962433,157.54327645655871,0,1200,61570,273840,40200,314040,40200,23660,4800,84759,0,0,488829,4073.575,True
scaling,10,120,1,disjoint,8.4821875,8.604043,1.0669062740635127,112.47473458278344,0,1560,61570,391200,42360,433560,42360,23660,6240,84765,0,0,609795,5081.625,True
scaling,16,120,1,disjoint,13.419577,13.685134,1.6674375541042536,71.96671305898704,0,2280,61570,626640,47400,674040,47400,23660,9120,84760,0,0,853150,7109.583333333333,True
